[
 {
  "sid":"simulacao_com_referencia:11",
  "className":"Simulink.Annotation",
  "icon":"simulacao_com_referencia1",
  "name":"theta_dot",
  "label":"theta_dot",
  "parent":"simulacao_com_referencia:22",
  "inspector":{
   "params":[
    "Text",
    "DropShadow",
    "Interpreter",
    "FontName",
    "FontWeight",
    "FontSize",
    "FontAngle",
    "ForegroundColor",
    "BackgroundColor",
    "HorizontalAlignment",
    "UseDisplayTextAsClickCallback",
    "ClickFcn"
   ],
   "values":[
    "theta_dot",
    "off",
    "off",
    "auto",
    "auto",
    -1,
    "auto",
    "black",
    "white",
    "left",
    "off",
    ""
   ],
   "tabs":[
   ],
   "tabs_idx":[
   ]
  },
  "viewer":{
   "jshandler":"webview/handlers/ElementHandler"
  },
  "obj_viewer":[
  ],
  "finder":[
  ]
 },
 {
  "sid":"simulacao_com_referencia:13",
  "className":"Simulink.Annotation",
  "icon":"simulacao_com_referencia1",
  "name":"theta",
  "label":"theta",
  "parent":"simulacao_com_referencia:22",
  "inspector":{
   "params":[
    "Text",
    "DropShadow",
    "Interpreter",
    "FontName",
    "FontWeight",
    "FontSize",
    "FontAngle",
    "ForegroundColor",
    "BackgroundColor",
    "HorizontalAlignment",
    "UseDisplayTextAsClickCallback",
    "ClickFcn"
   ],
   "values":[
    "theta",
    "off",
    "off",
    "auto",
    "auto",
    -1,
    "auto",
    "black",
    "white",
    "left",
    "off",
    ""
   ],
   "tabs":[
   ],
   "tabs_idx":[
   ]
  },
  "viewer":{
   "jshandler":"webview/handlers/ElementHandler"
  },
  "obj_viewer":[
  ],
  "finder":[
  ]
 },
 {
  "sid":"simulacao_com_referencia:12",
  "className":"Simulink.Annotation",
  "icon":"simulacao_com_referencia1",
  "name":"theta_ddot",
  "label":"theta_ddot",
  "parent":"simulacao_com_referencia:22",
  "inspector":{
   "params":[
    "Text",
    "DropShadow",
    "Interpreter",
    "FontName",
    "FontWeight",
    "FontSize",
    "FontAngle",
    "ForegroundColor",
    "BackgroundColor",
    "HorizontalAlignment",
    "UseDisplayTextAsClickCallback",
    "ClickFcn"
   ],
   "values":[
    "theta_ddot",
    "off",
    "off",
    "auto",
    "auto",
    -1,
    "auto",
    "black",
    "white",
    "left",
    "off",
    ""
   ],
   "tabs":[
   ],
   "tabs_idx":[
   ]
  },
  "viewer":{
   "jshandler":"webview/handlers/ElementHandler"
  },
  "obj_viewer":[
  ],
  "finder":[
  ]
 },
 {
  "sid":"simulacao_com_referencia:2",
  "className":"Simulink.Gain",
  "icon":"simulacao_com_referencia3",
  "name":"Gain",
  "label":"Gain",
  "parent":"simulacao_com_referencia:22",
  "inspector":{
   "params":[
    "Gain",
    "Multiplication",
    "OutMin",
    "OutMax",
    "OutDataTypeStr",
    "LockScale",
    "RndMeth",
    "SaturateOnIntegerOverflow",
    "ParamMin",
    "ParamMax",
    "ParamDataTypeStr",
    "SampleTime"
   ],
   "values":[
    "-2/delta",
    "Element-wise(K.*u)",
    "[]",
    "[]",
    "Inherit: Inherit via internal rule",
    "off",
    "Floor",
    "off",
    "[]",
    "[]",
    "Inherit: Inherit via internal rule",
    "-1"
   ],
   "tabs":[
    "Main",
    "Signal Attributes",
    "Parameter Attributes",
    "-Other"
   ],
   "tabs_idx":[
    0,
    2,
    8,
    11
   ]
  },
  "viewer":{
   "jshandler":"webview/handlers/ElementHandler"
  },
  "obj_viewer":[
  ],
  "finder":{
   "blocktype":"Gain",
   "masktype":""
  }
 },
 {
  "sid":"simulacao_com_referencia:5",
  "className":"Simulink.Gain",
  "icon":"simulacao_com_referencia3",
  "name":"Gain3",
  "label":"Gain3",
  "parent":"simulacao_com_referencia:22",
  "inspector":{
   "params":[
    "Gain",
    "Multiplication",
    "OutMin",
    "OutMax",
    "OutDataTypeStr",
    "LockScale",
    "RndMeth",
    "SaturateOnIntegerOverflow",
    "ParamMin",
    "ParamMax",
    "ParamDataTypeStr",
    "SampleTime"
   ],
   "values":[
    "-gamah*g/delta",
    "Element-wise(K.*u)",
    "[]",
    "[]",
    "Inherit: Inherit via internal rule",
    "off",
    "Floor",
    "off",
    "[]",
    "[]",
    "Inherit: Inherit via internal rule",
    "-1"
   ],
   "tabs":[
    "Main",
    "Signal Attributes",
    "Parameter Attributes",
    "-Other"
   ],
   "tabs_idx":[
    0,
    2,
    8,
    11
   ]
  },
  "viewer":{
   "jshandler":"webview/handlers/ElementHandler"
  },
  "obj_viewer":[
  ],
  "finder":{
   "blocktype":"Gain",
   "masktype":""
  }
 },
 {
  "sid":"simulacao_com_referencia:6",
  "className":"Simulink.Integrator",
  "icon":"simulacao_com_referencia3",
  "name":"Integrator",
  "label":"Integrator",
  "parent":"simulacao_com_referencia:22",
  "inspector":{
   "params":[
    "ExternalReset",
    "InitialConditionSource",
    "InitialCondition",
    "LimitOutput",
    "WrapState",
    "ShowSaturationPort",
    "ShowStatePort",
    "AbsoluteTolerance",
    "IgnoreLimit",
    "ZeroCross",
    "ContinuousStateAttributes",
    "LowerSaturationLimit",
    "UpperSaturationLimit",
    "WrappedStateLowerValue",
    "WrappedStateUpperValue"
   ],
   "values":[
    "none",
    "internal",
    "0",
    "off",
    "off",
    "off",
    "off",
    "auto",
    "off",
    "on",
    "''",
    "-inf",
    "inf",
    "-pi",
    "pi"
   ],
   "tabs":[
    "Parameter Attributes",
    "-Other"
   ],
   "tabs_idx":[
    0,
    11
   ]
  },
  "viewer":{
   "jshandler":"webview/handlers/ElementHandler"
  },
  "obj_viewer":[
  ],
  "finder":{
   "blocktype":"Integrator",
   "masktype":""
  }
 },
 {
  "sid":"simulacao_com_referencia:7",
  "className":"Simulink.Integrator",
  "icon":"simulacao_com_referencia3",
  "name":"Integrator1",
  "label":"Integrator1",
  "parent":"simulacao_com_referencia:22",
  "inspector":{
   "params":[
    "ExternalReset",
    "InitialConditionSource",
    "InitialCondition",
    "LimitOutput",
    "WrapState",
    "ShowSaturationPort",
    "ShowStatePort",
    "AbsoluteTolerance",
    "IgnoreLimit",
    "ZeroCross",
    "ContinuousStateAttributes",
    "LowerSaturationLimit",
    "UpperSaturationLimit",
    "WrappedStateLowerValue",
    "WrappedStateUpperValue"
   ],
   "values":[
    "none",
    "internal",
    "0",
    "off",
    "off",
    "off",
    "off",
    "auto",
    "off",
    "on",
    "''",
    "-inf",
    "inf",
    "-pi",
    "pi"
   ],
   "tabs":[
    "Parameter Attributes",
    "-Other"
   ],
   "tabs_idx":[
    0,
    11
   ]
  },
  "viewer":{
   "jshandler":"webview/handlers/ElementHandler"
  },
  "obj_viewer":[
  ],
  "finder":{
   "blocktype":"Integrator",
   "masktype":""
  }
 },
 {
  "sid":"simulacao_com_referencia:8",
  "className":"Simulink.Sum",
  "icon":"simulacao_com_referencia3",
  "name":"Sum",
  "label":"Sum",
  "parent":"simulacao_com_referencia:22",
  "inspector":{
   "params":[
    "IconShape",
    "Inputs",
    "InputSameDT",
    "AccumDataTypeStr",
    "OutMin",
    "OutMax",
    "OutDataTypeStr",
    "LockScale",
    "RndMeth",
    "SaturateOnIntegerOverflow",
    "CollapseDim",
    "CollapseMode",
    "SampleTime"
   ],
   "values":[
    "round",
    "|++",
    "off",
    "Inherit: Inherit via internal rule",
    "[]",
    "[]",
    "Inherit: Inherit via internal rule",
    "off",
    "Floor",
    "off",
    "1",
    "All dimensions",
    "-1"
   ],
   "tabs":[
    "Main",
    "Signal Attributes",
    "-Other"
   ],
   "tabs_idx":[
    0,
    2,
    10
   ]
  },
  "viewer":{
   "jshandler":"webview/handlers/ElementHandler"
  },
  "obj_viewer":[
  ],
  "finder":{
   "blocktype":"Sum",
   "masktype":""
  }
 },
 {
  "sid":"simulacao_com_referencia:9",
  "className":"Simulink.Trigonometry",
  "icon":"simulacao_com_referencia3",
  "name":"Trigonometric Function",
  "label":"Trigonometric Function",
  "parent":"simulacao_com_referencia:22",
  "inspector":{
   "params":[
    "Operator",
    "ApproximationMethod",
    "OutputSignalType",
    "NumberOfIterations",
    "SampleTime"
   ],
   "values":[
    "sin",
    "None",
    "auto",
    "11",
    "-1"
   ],
   "tabs":[
    "Parameter Attributes",
    "-Other"
   ],
   "tabs_idx":[
    0,
    3
   ]
  },
  "viewer":{
   "jshandler":"webview/handlers/ElementHandler"
  },
  "obj_viewer":[
  ],
  "finder":{
   "blocktype":"Trigonometry",
   "masktype":""
  }
 },
 {
  "sid":"simulacao_com_referencia:23",
  "className":"Simulink.Inport",
  "icon":"simulacao_com_referencia3",
  "name":"tau",
  "label":"tau",
  "parent":"simulacao_com_referencia:22",
  "inspector":{
   "params":[
    "Port",
    "IconDisplay",
    "LatchByDelayingOutsideSignal",
    "LatchInputForFeedbackSignals",
    "OutputFunctionCall",
    "OutMin",
    "OutMax",
    "OutDataTypeStr",
    "LockScale",
    "Unit",
    "PortDimensions",
    "VarSizeSig",
    "SampleTime",
    "SignalType",
    "BusOutputAsStruct",
    "InputConnect",
    "Interpolate"
   ],
   "values":[
    "1",
    "Port number",
    "off",
    "off",
    "off",
    "[]",
    "[]",
    "Inherit: auto",
    "off",
    "inherit",
    "-1",
    "Inherit",
    "-1",
    "auto",
    "off",
    "",
    "on"
   ],
   "tabs":[
    "Main",
    "Signal Attributes",
    "-Other"
   ],
   "tabs_idx":[
    0,
    4,
    14
   ]
  },
  "viewer":{
   "jshandler":"webview/handlers/ElementHandler"
  },
  "obj_viewer":[
  ],
  "finder":{
   "blocktype":"Inport",
   "masktype":""
  }
 },
 {
  "sid":"simulacao_com_referencia:24",
  "className":"Simulink.Outport",
  "icon":"simulacao_com_referencia3",
  "name":"theta",
  "label":"theta",
  "parent":"simulacao_com_referencia:22",
  "inspector":{
   "params":[
    "Port",
    "IconDisplay",
    "OutMin",
    "OutMax",
    "OutDataTypeStr",
    "LockScale",
    "Unit",
    "PortDimensions",
    "VarSizeSig",
    "SampleTime",
    "SignalType",
    "BusOutputAsStruct",
    "EnsureOutportIsVirtual",
    "InitialOutput",
    "MustResolveToSignalObject",
    "OutputWhenDisabled",
    "OutputWhenUnConnected",
    "OutputWhenUnconnectedValue",
    "SignalName",
    "SignalObject",
    "SourceOfInitialOutputValue",
    "StorageClass",
    "VectorParamsAs1DForOutWhenUnconnected"
   ],
   "values":[
    "1",
    "Port number",
    "[]",
    "[]",
    "Inherit: auto",
    "off",
    "inherit",
    "-1",
    "Inherit",
    "-1",
    "auto",
    "off",
    "off",
    "[]",
    "off",
    "held",
    "off",
    "0",
    "",
    [
    ],
    "Dialog",
    "Auto",
    "on"
   ],
   "tabs":[
    "Main",
    "Signal Attributes",
    "-Other"
   ],
   "tabs_idx":[
    0,
    2,
    11
   ]
  },
  "viewer":{
   "jshandler":"webview/handlers/ElementHandler"
  },
  "obj_viewer":[
  ],
  "finder":{
   "blocktype":"Outport",
   "masktype":""
  }
 },
 {
  "sid":"simulacao_com_referencia:49",
  "className":"Simulink.Outport",
  "icon":"simulacao_com_referencia3",
  "name":"theta_dot",
  "label":"theta_dot",
  "parent":"simulacao_com_referencia:22",
  "inspector":{
   "params":[
    "Port",
    "IconDisplay",
    "OutMin",
    "OutMax",
    "OutDataTypeStr",
    "LockScale",
    "Unit",
    "PortDimensions",
    "VarSizeSig",
    "SampleTime",
    "SignalType",
    "BusOutputAsStruct",
    "EnsureOutportIsVirtual",
    "InitialOutput",
    "MustResolveToSignalObject",
    "OutputWhenDisabled",
    "OutputWhenUnConnected",
    "OutputWhenUnconnectedValue",
    "SignalName",
    "SignalObject",
    "SourceOfInitialOutputValue",
    "StorageClass",
    "VectorParamsAs1DForOutWhenUnconnected"
   ],
   "values":[
    "2",
    "Port number",
    "[]",
    "[]",
    "Inherit: auto",
    "off",
    "inherit",
    "-1",
    "Inherit",
    "-1",
    "auto",
    "off",
    "off",
    "[]",
    "off",
    "held",
    "off",
    "0",
    "",
    [
    ],
    "Dialog",
    "Auto",
    "on"
   ],
   "tabs":[
    "Main",
    "Signal Attributes",
    "-Other"
   ],
   "tabs_idx":[
    0,
    2,
    11
   ]
  },
  "viewer":{
   "jshandler":"webview/handlers/ElementHandler"
  },
  "obj_viewer":[
  ],
  "finder":{
   "blocktype":"Outport",
   "masktype":""
  }
 },
 {
  "sid":"simulacao_com_referencia:82",
  "className":"Simulink.Gain",
  "icon":"simulacao_com_referencia3",
  "name":"Descasamento de Modelo",
  "label":"Descasamento de Modelo",
  "parent":"simulacao_com_referencia:22",
  "inspector":{
   "params":[
    "Gain",
    "Multiplication",
    "OutMin",
    "OutMax",
    "OutDataTypeStr",
    "LockScale",
    "RndMeth",
    "SaturateOnIntegerOverflow",
    "ParamMin",
    "ParamMax",
    "ParamDataTypeStr",
    "SampleTime"
   ],
   "values":[
    "0.8",
    "Element-wise(K.*u)",
    "[]",
    "[]",
    "Inherit: Inherit via internal rule",
    "off",
    "Floor",
    "off",
    "[]",
    "[]",
    "Inherit: Inherit via internal rule",
    "-1"
   ],
   "tabs":[
    "Main",
    "Signal Attributes",
    "Parameter Attributes",
    "-Other"
   ],
   "tabs_idx":[
    0,
    2,
    8,
    11
   ]
  },
  "viewer":{
   "jshandler":"webview/handlers/ElementHandler"
  },
  "obj_viewer":[
  ],
  "finder":{
   "blocktype":"Gain",
   "masktype":""
  }
 },
 {
  "sid":"simulacao_com_referencia:2#out:1",
  "className":"Simulink.Line",
  "icon":"simulacao_com_referencia4",
  "name":"",
  "label":"",
  "parent":"simulacao_com_referencia:22",
  "inspector":{
   "params":[
    "SignalNameFromLabel",
    "MustResolveToSignal",
    "ShowPropagatedSignal",
    "DataLogging",
    "TestPoint",
    "SignalObjectPackage",
    "StorageClass",
    "Description",
    "documentLink"
   ],
   "values":[
    "",
    "off",
    "off",
    "off",
    "off",
    "Simulink",
    "Auto",
    "",
    ""
   ],
   "tabs":[
    "Parameter Attributes",
    "Logging and Accessibility",
    "Code Generation",
    "Documentation"
   ],
   "tabs_idx":[
    0,
    3,
    5,
    7
   ]
  },
  "viewer":{
   "jshandler":"webview/handlers/ElementHandler"
  },
  "obj_viewer":[
  ],
  "finder":[
  ]
 },
 {
  "sid":"simulacao_com_referencia:5#out:1",
  "className":"Simulink.Line",
  "icon":"simulacao_com_referencia4",
  "name":"",
  "label":"",
  "parent":"simulacao_com_referencia:22",
  "inspector":{
   "params":[
    "SignalNameFromLabel",
    "MustResolveToSignal",
    "ShowPropagatedSignal",
    "DataLogging",
    "TestPoint",
    "SignalObjectPackage",
    "StorageClass",
    "Description",
    "documentLink"
   ],
   "values":[
    "",
    "off",
    "off",
    "off",
    "off",
    "Simulink",
    "Auto",
    "",
    ""
   ],
   "tabs":[
    "Parameter Attributes",
    "Logging and Accessibility",
    "Code Generation",
    "Documentation"
   ],
   "tabs_idx":[
    0,
    3,
    5,
    7
   ]
  },
  "viewer":{
   "jshandler":"webview/handlers/ElementHandler"
  },
  "obj_viewer":[
  ],
  "finder":[
  ]
 },
 {
  "sid":"simulacao_com_referencia:8#out:1",
  "className":"Simulink.Line",
  "icon":"simulacao_com_referencia4",
  "name":"",
  "label":"",
  "parent":"simulacao_com_referencia:22",
  "inspector":{
   "params":[
    "SignalNameFromLabel",
    "MustResolveToSignal",
    "ShowPropagatedSignal",
    "DataLogging",
    "TestPoint",
    "SignalObjectPackage",
    "StorageClass",
    "Description",
    "documentLink"
   ],
   "values":[
    "",
    "off",
    "off",
    "off",
    "off",
    "Simulink",
    "Auto",
    "",
    ""
   ],
   "tabs":[
    "Parameter Attributes",
    "Logging and Accessibility",
    "Code Generation",
    "Documentation"
   ],
   "tabs_idx":[
    0,
    3,
    5,
    7
   ]
  },
  "viewer":{
   "jshandler":"webview/handlers/ElementHandler"
  },
  "obj_viewer":[
  ],
  "finder":[
  ]
 },
 {
  "sid":"simulacao_com_referencia:7#out:1",
  "className":"Simulink.Line",
  "icon":"simulacao_com_referencia4",
  "name":"",
  "label":"",
  "parent":"simulacao_com_referencia:22",
  "inspector":{
   "params":[
    "SignalNameFromLabel",
    "MustResolveToSignal",
    "ShowPropagatedSignal",
    "DataLogging",
    "TestPoint",
    "SignalObjectPackage",
    "StorageClass",
    "Description",
    "documentLink"
   ],
   "values":[
    "",
    "off",
    "off",
    "off",
    "off",
    "Simulink",
    "Auto",
    "",
    ""
   ],
   "tabs":[
    "Parameter Attributes",
    "Logging and Accessibility",
    "Code Generation",
    "Documentation"
   ],
   "tabs_idx":[
    0,
    3,
    5,
    7
   ]
  },
  "viewer":{
   "jshandler":"webview/handlers/ElementHandler"
  },
  "obj_viewer":[
  ],
  "finder":[
  ]
 },
 {
  "sid":"simulacao_com_referencia:6#out:1",
  "className":"Simulink.Line",
  "icon":"simulacao_com_referencia4",
  "name":"",
  "label":"",
  "parent":"simulacao_com_referencia:22",
  "inspector":{
   "params":[
    "SignalNameFromLabel",
    "MustResolveToSignal",
    "ShowPropagatedSignal",
    "DataLogging",
    "TestPoint",
    "SignalObjectPackage",
    "StorageClass",
    "Description",
    "documentLink"
   ],
   "values":[
    "",
    "off",
    "off",
    "off",
    "off",
    "Simulink",
    "Auto",
    "",
    ""
   ],
   "tabs":[
    "Parameter Attributes",
    "Logging and Accessibility",
    "Code Generation",
    "Documentation"
   ],
   "tabs_idx":[
    0,
    3,
    5,
    7
   ]
  },
  "viewer":{
   "jshandler":"webview/handlers/ElementHandler"
  },
  "obj_viewer":[
  ],
  "finder":[
  ]
 },
 {
  "sid":"simulacao_com_referencia:9#out:1",
  "className":"Simulink.Line",
  "icon":"simulacao_com_referencia4",
  "name":"",
  "label":"",
  "parent":"simulacao_com_referencia:22",
  "inspector":{
   "params":[
    "SignalNameFromLabel",
    "MustResolveToSignal",
    "ShowPropagatedSignal",
    "DataLogging",
    "TestPoint",
    "SignalObjectPackage",
    "StorageClass",
    "Description",
    "documentLink"
   ],
   "values":[
    "",
    "off",
    "off",
    "off",
    "off",
    "Simulink",
    "Auto",
    "",
    ""
   ],
   "tabs":[
    "Parameter Attributes",
    "Logging and Accessibility",
    "Code Generation",
    "Documentation"
   ],
   "tabs_idx":[
    0,
    3,
    5,
    7
   ]
  },
  "viewer":{
   "jshandler":"webview/handlers/ElementHandler"
  },
  "obj_viewer":[
  ],
  "finder":[
  ]
 },
 {
  "sid":"simulacao_com_referencia:23#out:1",
  "className":"Simulink.Line",
  "icon":"simulacao_com_referencia4",
  "name":"",
  "label":"",
  "parent":"simulacao_com_referencia:22",
  "inspector":{
   "params":[
    "SignalNameFromLabel",
    "MustResolveToSignal",
    "ShowPropagatedSignal",
    "DataLogging",
    "TestPoint",
    "SignalObjectPackage",
    "StorageClass",
    "Description",
    "documentLink"
   ],
   "values":[
    "",
    "off",
    "off",
    "off",
    "off",
    "Simulink",
    "Auto",
    "",
    ""
   ],
   "tabs":[
    "Parameter Attributes",
    "Logging and Accessibility",
    "Code Generation",
    "Documentation"
   ],
   "tabs_idx":[
    0,
    3,
    5,
    7
   ]
  },
  "viewer":{
   "jshandler":"webview/handlers/ElementHandler"
  },
  "obj_viewer":[
  ],
  "finder":[
  ]
 },
 {
  "sid":"simulacao_com_referencia:82#out:1",
  "className":"Simulink.Line",
  "icon":"simulacao_com_referencia4",
  "name":"",
  "label":"",
  "parent":"simulacao_com_referencia:22",
  "inspector":{
   "params":[
    "SignalNameFromLabel",
    "MustResolveToSignal",
    "ShowPropagatedSignal",
    "DataLogging",
    "TestPoint",
    "SignalObjectPackage",
    "StorageClass",
    "Description",
    "documentLink"
   ],
   "values":[
    "",
    "off",
    "off",
    "off",
    "off",
    "Simulink",
    "Auto",
    "",
    ""
   ],
   "tabs":[
    "Parameter Attributes",
    "Logging and Accessibility",
    "Code Generation",
    "Documentation"
   ],
   "tabs_idx":[
    0,
    3,
    5,
    7
   ]
  },
  "viewer":{
   "jshandler":"webview/handlers/ElementHandler"
  },
  "obj_viewer":[
  ],
  "finder":[
  ]
 }
]