[
 {
  "hid":1,
  "sid":"simulacao_com_referencia",
  "esid":"",
  "parent":0,
  "children":[
   2,
   3
  ],
  "name":"simulacao_com_referencia",
  "fullname":"simulacao_com_referencia",
  "label":"simulacao_com_referencia",
  "icon":"simulacao_com_referencia0",
  "svg":"support/slwebview_files/simulacao_com_referencia_d.svg",
  "thumbnail":"support/slwebview_files/simulacao_com_referencia_d.png",
  "backingUrl":"support/slwebview_files/simulacao_com_referencia_d.json",
  "elements":[
   ":14",
   ":22",
   ":50",
   ":53",
   ":55",
   ":56",
   ":68",
   ":74",
   ":75",
   ":76",
   ":77",
   ":78",
   ":79",
   ":80",
   ":81",
   ":83",
   ":84",
   ":85",
   ":89",
   ":90",
   ":22#out:1",
   ":50#out:1",
   ":56#out:1",
   ":22#out:2",
   ":68#out:1",
   ":75#out:1",
   ":76#out:1",
   ":78#out:1",
   ":77#out:1",
   ":79#out:1",
   ":80#out:1",
   ":81#out:1",
   ":83#out:1",
   ":84#out:1",
   ":85#out:1",
   ":68#out:2",
   ":53#out:1"
  ],
  "sameAsElement":false
 },
 {
  "hid":2,
  "sid":"simulacao_com_referencia:68",
  "esid":"simulacao_com_referencia:68",
  "parent":1,
  "children":[
  ],
  "name":"Observador",
  "fullname":"simulacao_com_referencia/Observador",
  "label":"Observador",
  "icon":"simulacao_com_referencia2",
  "svg":"support/slwebview_files/simulacao_com_referencia_68_d.svg",
  "thumbnail":"support/slwebview_files/simulacao_com_referencia_68_d.png",
  "backingUrl":"support/slwebview_files/simulacao_com_referencia_68_d.json",
  "elements":[
   ":60",
   ":61",
   ":64",
   ":59",
   ":63",
   ":65",
   ":62",
   ":66",
   ":69",
   ":70",
   ":71",
   ":86",
   ":87",
   ":88",
   ":64#out:1",
   ":61#out:1",
   ":65#out:1",
   ":62#out:1",
   ":59#out:1",
   ":60#out:1",
   ":66#out:1",
   ":63#out:1",
   ":69#out:1",
   ":70#out:1",
   ":88#out:1",
   ":86#out:1",
   ":86#out:2",
   ":86#out:3"
  ],
  "sameAsElement":true
 },
 {
  "hid":3,
  "sid":"simulacao_com_referencia:22",
  "esid":"simulacao_com_referencia:22",
  "parent":1,
  "children":[
  ],
  "name":"Sistema Fisico Não Linear",
  "fullname":"simulacao_com_referencia/Sistema Fisico Não Linear",
  "label":"Sistema Fisico Não Linear",
  "icon":"simulacao_com_referencia2",
  "svg":"support/slwebview_files/simulacao_com_referencia_22_d.svg",
  "thumbnail":"support/slwebview_files/simulacao_com_referencia_22_d.png",
  "backingUrl":"support/slwebview_files/simulacao_com_referencia_22_d.json",
  "elements":[
   ":11",
   ":13",
   ":12",
   ":2",
   ":5",
   ":6",
   ":7",
   ":8",
   ":9",
   ":23",
   ":24",
   ":49",
   ":82",
   ":2#out:1",
   ":5#out:1",
   ":8#out:1",
   ":7#out:1",
   ":6#out:1",
   ":9#out:1",
   ":23#out:1",
   ":82#out:1"
  ],
  "sameAsElement":true
 }
]