[
 {
  "sid":"simulacao_com_referencia:14",
  "className":"Simulink.Annotation",
  "icon":"simulacao_com_referencia1",
  "name":"tau",
  "label":"tau",
  "parent":"simulacao_com_referencia",
  "inspector":{
   "params":[
    "Text",
    "DropShadow",
    "Interpreter",
    "FontName",
    "FontWeight",
    "FontSize",
    "FontAngle",
    "ForegroundColor",
    "BackgroundColor",
    "HorizontalAlignment",
    "UseDisplayTextAsClickCallback",
    "ClickFcn"
   ],
   "values":[
    "tau",
    "off",
    "off",
    "auto",
    "auto",
    -1,
    "auto",
    "black",
    "white",
    "left",
    "off",
    ""
   ],
   "tabs":[
   ],
   "tabs_idx":[
   ]
  },
  "viewer":{
   "jshandler":"webview/handlers/ElementHandler"
  },
  "obj_viewer":[
  ],
  "finder":[
  ]
 },
 {
  "sid":"simulacao_com_referencia:22",
  "className":"Simulink.SubSystem",
  "icon":"simulacao_com_referencia2",
  "name":"Sistema Fisico Não Linear",
  "label":"Sistema Fisico Não Linear",
  "parent":"simulacao_com_referencia",
  "inspector":{
   "params":[
    "ShowPortLabels",
    "Permissions",
    "ErrorFcn",
    "PermitHierarchicalResolution",
    "TreatAsAtomicUnit",
    "TreatAsGroupedWhenPropagatingVariantConditions",
    "RTWSystemCode",
    "ReferencedSubsystem",
    "AllowZeroVariantControls",
    "AutoFrameSizeCalculation",
    "BlockChoice",
    "CompiledActiveChoiceBlock",
    "CompiledActiveChoiceControl",
    "ExecutionDomainType",
    "FunctionInterfaceSpec",
    "FunctionWithSeparateData",
    "GeneratePreprocessorConditionals",
    "IsSubsystemVirtual",
    "LabelModeActiveChoice",
    "Latency",
    "MemberBlocks",
    "MinAlgLoopOccurrences",
    "PartitionName",
    "PropagateVariantConditions",
    "RTWFcnName",
    "RTWFcnNameOpts",
    "RTWFileName",
    "RTWFileNameOpts",
    "RTWMemSecDataConstants",
    "RTWMemSecDataInternal",
    "RTWMemSecDataParameters",
    "RTWMemSecFuncExecute",
    "RTWMemSecFuncInitTerm",
    "ScheduleAs",
    "SetExecutionDomain",
    "SystemSampleTime",
    "TemplateBlock",
    "Variant",
    "VariantControl",
    "VariantControlMode"
   ],
   "values":[
    "FromPortIcon",
    "ReadWrite",
    "",
    "All",
    "off",
    "on",
    "Auto",
    "",
    "off",
    "off",
    "",
    "",
    "",
    "Deduce",
    "void_void",
    "off",
    "off",
    "on",
    "",
    "0",
    "",
    "off",
    "",
    "off",
    "",
    "Auto",
    "",
    "Auto",
    "Inherit from model",
    "Inherit from model",
    "Inherit from model",
    "Inherit from model",
    "Inherit from model",
    "Sample time",
    "off",
    "-1",
    "",
    "off",
    "",
    "Expression"
   ],
   "tabs":[
    "Main",
    "Code Generation",
    "Subsystem Reference",
    "-Other"
   ],
   "tabs_idx":[
    0,
    6,
    7,
    8
   ]
  },
  "viewer":{
   "jshandler":"webview/handlers/ElementHandler"
  },
  "obj_viewer":[
  ],
  "finder":{
   "blocktype":"SubSystem",
   "masktype":""
  }
 },
 {
  "sid":"simulacao_com_referencia:50",
  "className":"Simulink.ZeroOrderHold",
  "icon":"simulacao_com_referencia3",
  "name":"Zero-Order  Hold",
  "label":"Zero-Order  Hold",
  "parent":"simulacao_com_referencia",
  "inspector":{
   "params":[
    "SampleTime"
   ],
   "values":[
    "Ta"
   ],
   "tabs":[
    "Parameter Attributes"
   ],
   "tabs_idx":0
  },
  "viewer":{
   "jshandler":"webview/handlers/ElementHandler"
  },
  "obj_viewer":[
  ],
  "finder":{
   "blocktype":"ZeroOrderHold",
   "masktype":""
  }
 },
 {
  "sid":"simulacao_com_referencia:53",
  "className":"Simulink.Gain",
  "icon":"simulacao_com_referencia3",
  "name":" ",
  "label":" ",
  "parent":"simulacao_com_referencia",
  "inspector":{
   "params":[
    "Gain",
    "Multiplication",
    "OutMin",
    "OutMax",
    "OutDataTypeStr",
    "LockScale",
    "RndMeth",
    "SaturateOnIntegerOverflow",
    "ParamMin",
    "ParamMax",
    "ParamDataTypeStr",
    "SampleTime"
   ],
   "values":[
    "K",
    "Matrix(K*u)",
    "[]",
    "[]",
    "Inherit: Inherit via internal rule",
    "off",
    "Floor",
    "off",
    "[]",
    "[]",
    "Inherit: Inherit via internal rule",
    "-1"
   ],
   "tabs":[
    "Main",
    "Signal Attributes",
    "Parameter Attributes",
    "-Other"
   ],
   "tabs_idx":[
    0,
    2,
    8,
    11
   ]
  },
  "viewer":{
   "jshandler":"webview/handlers/ElementHandler"
  },
  "obj_viewer":[
  ],
  "finder":{
   "blocktype":"Gain",
   "masktype":""
  }
 },
 {
  "sid":"simulacao_com_referencia:55",
  "className":"Simulink.Scope",
  "icon":"simulacao_com_referencia3",
  "name":"Scope ",
  "label":"Scope ",
  "parent":"simulacao_com_referencia",
  "inspector":[
  ],
  "viewer":{
   "jshandler":"webview/handlers/ElementHandler"
  },
  "obj_viewer":[
  ],
  "finder":{
   "blocktype":"Scope",
   "masktype":""
  }
 },
 {
  "sid":"simulacao_com_referencia:56",
  "className":"Simulink.Gain",
  "icon":"simulacao_com_referencia3",
  "name":"Gain2",
  "label":"Gain2",
  "parent":"simulacao_com_referencia",
  "inspector":{
   "params":[
    "Gain",
    "Multiplication",
    "OutMin",
    "OutMax",
    "OutDataTypeStr",
    "LockScale",
    "RndMeth",
    "SaturateOnIntegerOverflow",
    "ParamMin",
    "ParamMax",
    "ParamDataTypeStr",
    "SampleTime"
   ],
   "values":[
    "180/pi",
    "Element-wise(K.*u)",
    "[]",
    "[]",
    "Inherit: Inherit via internal rule",
    "off",
    "Floor",
    "off",
    "[]",
    "[]",
    "Inherit: Inherit via internal rule",
    "-1"
   ],
   "tabs":[
    "Main",
    "Signal Attributes",
    "Parameter Attributes",
    "-Other"
   ],
   "tabs_idx":[
    0,
    2,
    8,
    11
   ]
  },
  "viewer":{
   "jshandler":"webview/handlers/ElementHandler"
  },
  "obj_viewer":[
  ],
  "finder":{
   "blocktype":"Gain",
   "masktype":""
  }
 },
 {
  "sid":"simulacao_com_referencia:68",
  "className":"Simulink.SubSystem",
  "icon":"simulacao_com_referencia2",
  "name":"Observador",
  "label":"Observador",
  "parent":"simulacao_com_referencia",
  "inspector":{
   "params":[
    "ShowPortLabels",
    "Permissions",
    "ErrorFcn",
    "PermitHierarchicalResolution",
    "TreatAsAtomicUnit",
    "TreatAsGroupedWhenPropagatingVariantConditions",
    "RTWSystemCode",
    "ReferencedSubsystem",
    "AllowZeroVariantControls",
    "AutoFrameSizeCalculation",
    "BlockChoice",
    "CompiledActiveChoiceBlock",
    "CompiledActiveChoiceControl",
    "ExecutionDomainType",
    "FunctionInterfaceSpec",
    "FunctionWithSeparateData",
    "GeneratePreprocessorConditionals",
    "IsSubsystemVirtual",
    "LabelModeActiveChoice",
    "Latency",
    "MemberBlocks",
    "MinAlgLoopOccurrences",
    "PartitionName",
    "PropagateVariantConditions",
    "RTWFcnName",
    "RTWFcnNameOpts",
    "RTWFileName",
    "RTWFileNameOpts",
    "RTWMemSecDataConstants",
    "RTWMemSecDataInternal",
    "RTWMemSecDataParameters",
    "RTWMemSecFuncExecute",
    "RTWMemSecFuncInitTerm",
    "ScheduleAs",
    "SetExecutionDomain",
    "SystemSampleTime",
    "TemplateBlock",
    "Variant",
    "VariantControl",
    "VariantControlMode"
   ],
   "values":[
    "FromPortIcon",
    "ReadWrite",
    "",
    "All",
    "off",
    "on",
    "Auto",
    "",
    "off",
    "off",
    "",
    "",
    "",
    "Deduce",
    "void_void",
    "off",
    "off",
    "on",
    "",
    "0",
    "",
    "off",
    "",
    "off",
    "",
    "Auto",
    "",
    "Auto",
    "Inherit from model",
    "Inherit from model",
    "Inherit from model",
    "Inherit from model",
    "Inherit from model",
    "Sample time",
    "off",
    "-1",
    "",
    "off",
    "",
    "Expression"
   ],
   "tabs":[
    "Main",
    "Code Generation",
    "Subsystem Reference",
    "-Other"
   ],
   "tabs_idx":[
    0,
    6,
    7,
    8
   ]
  },
  "viewer":{
   "jshandler":"webview/handlers/ElementHandler"
  },
  "obj_viewer":[
  ],
  "finder":{
   "blocktype":"SubSystem",
   "masktype":""
  }
 },
 {
  "sid":"simulacao_com_referencia:74",
  "className":"Simulink.Scope",
  "icon":"simulacao_com_referencia3",
  "name":"Scope 1",
  "label":"Scope 1",
  "parent":"simulacao_com_referencia",
  "inspector":[
  ],
  "viewer":{
   "jshandler":"webview/handlers/ElementHandler"
  },
  "obj_viewer":[
  ],
  "finder":{
   "blocktype":"Scope",
   "masktype":""
  }
 },
 {
  "sid":"simulacao_com_referencia:75",
  "className":"Simulink.Sum",
  "icon":"simulacao_com_referencia3",
  "name":"Sum",
  "label":"Sum",
  "parent":"simulacao_com_referencia",
  "inspector":{
   "params":[
    "IconShape",
    "Inputs",
    "InputSameDT",
    "AccumDataTypeStr",
    "OutMin",
    "OutMax",
    "OutDataTypeStr",
    "LockScale",
    "RndMeth",
    "SaturateOnIntegerOverflow",
    "CollapseDim",
    "CollapseMode",
    "SampleTime"
   ],
   "values":[
    "round",
    "|+-",
    "off",
    "Inherit: Inherit via internal rule",
    "[]",
    "[]",
    "Inherit: Inherit via internal rule",
    "off",
    "Floor",
    "off",
    "1",
    "All dimensions",
    "-1"
   ],
   "tabs":[
    "Main",
    "Signal Attributes",
    "-Other"
   ],
   "tabs_idx":[
    0,
    2,
    10
   ]
  },
  "viewer":{
   "jshandler":"webview/handlers/ElementHandler"
  },
  "obj_viewer":[
  ],
  "finder":{
   "blocktype":"Sum",
   "masktype":""
  }
 },
 {
  "sid":"simulacao_com_referencia:76",
  "className":"Simulink.Gain",
  "icon":"simulacao_com_referencia3",
  "name":"Gain",
  "label":"Gain",
  "parent":"simulacao_com_referencia",
  "inspector":{
   "params":[
    "Gain",
    "Multiplication",
    "OutMin",
    "OutMax",
    "OutDataTypeStr",
    "LockScale",
    "RndMeth",
    "SaturateOnIntegerOverflow",
    "ParamMin",
    "ParamMax",
    "ParamDataTypeStr",
    "SampleTime"
   ],
   "values":[
    "Nx",
    "Element-wise(K.*u)",
    "[]",
    "[]",
    "Inherit: Inherit via internal rule",
    "off",
    "Floor",
    "off",
    "[]",
    "[]",
    "Inherit: Inherit via internal rule",
    "-1"
   ],
   "tabs":[
    "Main",
    "Signal Attributes",
    "Parameter Attributes",
    "-Other"
   ],
   "tabs_idx":[
    0,
    2,
    8,
    11
   ]
  },
  "viewer":{
   "jshandler":"webview/handlers/ElementHandler"
  },
  "obj_viewer":[
  ],
  "finder":{
   "blocktype":"Gain",
   "masktype":""
  }
 },
 {
  "sid":"simulacao_com_referencia:77",
  "className":"Simulink.Gain",
  "icon":"simulacao_com_referencia3",
  "name":"Gain1",
  "label":"Gain1",
  "parent":"simulacao_com_referencia",
  "inspector":{
   "params":[
    "Gain",
    "Multiplication",
    "OutMin",
    "OutMax",
    "OutDataTypeStr",
    "LockScale",
    "RndMeth",
    "SaturateOnIntegerOverflow",
    "ParamMin",
    "ParamMax",
    "ParamDataTypeStr",
    "SampleTime"
   ],
   "values":[
    "Nu",
    "Matrix(K*u)",
    "[]",
    "[]",
    "Inherit: Inherit via internal rule",
    "off",
    "Floor",
    "off",
    "[]",
    "[]",
    "Inherit: Inherit via internal rule",
    "-1"
   ],
   "tabs":[
    "Main",
    "Signal Attributes",
    "Parameter Attributes",
    "-Other"
   ],
   "tabs_idx":[
    0,
    2,
    8,
    11
   ]
  },
  "viewer":{
   "jshandler":"webview/handlers/ElementHandler"
  },
  "obj_viewer":[
  ],
  "finder":{
   "blocktype":"Gain",
   "masktype":""
  }
 },
 {
  "sid":"simulacao_com_referencia:78",
  "className":"Simulink.Sum",
  "icon":"simulacao_com_referencia3",
  "name":"Sum1",
  "label":"Sum1",
  "parent":"simulacao_com_referencia",
  "inspector":{
   "params":[
    "IconShape",
    "Inputs",
    "InputSameDT",
    "AccumDataTypeStr",
    "OutMin",
    "OutMax",
    "OutDataTypeStr",
    "LockScale",
    "RndMeth",
    "SaturateOnIntegerOverflow",
    "CollapseDim",
    "CollapseMode",
    "SampleTime"
   ],
   "values":[
    "round",
    "+|+|-",
    "off",
    "Inherit: Inherit via internal rule",
    "[]",
    "[]",
    "Inherit: Inherit via internal rule",
    "off",
    "Floor",
    "off",
    "1",
    "All dimensions",
    "-1"
   ],
   "tabs":[
    "Main",
    "Signal Attributes",
    "-Other"
   ],
   "tabs_idx":[
    0,
    2,
    10
   ]
  },
  "viewer":{
   "jshandler":"webview/handlers/ElementHandler"
  },
  "obj_viewer":[
  ],
  "finder":{
   "blocktype":"Sum",
   "masktype":""
  }
 },
 {
  "sid":"simulacao_com_referencia:79",
  "className":"Simulink.Step",
  "icon":"simulacao_com_referencia3",
  "name":"Step",
  "label":"Step",
  "parent":"simulacao_com_referencia",
  "inspector":{
   "params":[
    "Time",
    "Before",
    "After",
    "SampleTime",
    "VectorParams1D",
    "ZeroCross",
    "OutDataTypeStr"
   ],
   "values":[
    "1",
    "0",
    "10",
    "0",
    "on",
    "on",
    "double"
   ],
   "tabs":[
    "Main",
    "Signal Attributes"
   ],
   "tabs_idx":[
    0,
    6
   ]
  },
  "viewer":{
   "jshandler":"webview/handlers/ElementHandler"
  },
  "obj_viewer":[
  ],
  "finder":{
   "blocktype":"Step",
   "masktype":""
  }
 },
 {
  "sid":"simulacao_com_referencia:80",
  "className":"Simulink.Gain",
  "icon":"simulacao_com_referencia3",
  "name":"Gain3",
  "label":"Gain3",
  "parent":"simulacao_com_referencia",
  "inspector":{
   "params":[
    "Gain",
    "Multiplication",
    "OutMin",
    "OutMax",
    "OutDataTypeStr",
    "LockScale",
    "RndMeth",
    "SaturateOnIntegerOverflow",
    "ParamMin",
    "ParamMax",
    "ParamDataTypeStr",
    "SampleTime"
   ],
   "values":[
    "pi/180",
    "Element-wise(K.*u)",
    "[]",
    "[]",
    "Inherit: Inherit via internal rule",
    "off",
    "Floor",
    "off",
    "[]",
    "[]",
    "Inherit: Inherit via internal rule",
    "-1"
   ],
   "tabs":[
    "Main",
    "Signal Attributes",
    "Parameter Attributes",
    "-Other"
   ],
   "tabs_idx":[
    0,
    2,
    8,
    11
   ]
  },
  "viewer":{
   "jshandler":"webview/handlers/ElementHandler"
  },
  "obj_viewer":[
  ],
  "finder":{
   "blocktype":"Gain",
   "masktype":""
  }
 },
 {
  "sid":"simulacao_com_referencia:81",
  "className":"Simulink.Saturate",
  "icon":"simulacao_com_referencia3",
  "name":"Saturation ",
  "label":"Saturation ",
  "parent":"simulacao_com_referencia",
  "inspector":{
   "params":[
    "UpperLimit",
    "LowerLimit",
    "LinearizeAsGain",
    "ZeroCross",
    "OutMin",
    "OutMax",
    "OutDataTypeStr",
    "LockScale",
    "RndMeth",
    "SampleTime"
   ],
   "values":[
    "0.4118793",
    "-0.4118793",
    "on",
    "on",
    "[]",
    "[]",
    "Inherit: Same as input",
    "off",
    "Floor",
    "-1"
   ],
   "tabs":[
    "Main",
    "Signal Attributes",
    "-Other"
   ],
   "tabs_idx":[
    0,
    4,
    9
   ]
  },
  "viewer":{
   "jshandler":"webview/handlers/ElementHandler"
  },
  "obj_viewer":[
  ],
  "finder":{
   "blocktype":"Saturate",
   "masktype":""
  }
 },
 {
  "sid":"simulacao_com_referencia:83",
  "className":"Simulink.Sum",
  "icon":"simulacao_com_referencia3",
  "name":"Sum2",
  "label":"Sum2",
  "parent":"simulacao_com_referencia",
  "inspector":{
   "params":[
    "IconShape",
    "Inputs",
    "InputSameDT",
    "AccumDataTypeStr",
    "OutMin",
    "OutMax",
    "OutDataTypeStr",
    "LockScale",
    "RndMeth",
    "SaturateOnIntegerOverflow",
    "CollapseDim",
    "CollapseMode",
    "SampleTime"
   ],
   "values":[
    "round",
    "++|",
    "off",
    "Inherit: Inherit via internal rule",
    "[]",
    "[]",
    "Inherit: Inherit via internal rule",
    "off",
    "Floor",
    "off",
    "1",
    "All dimensions",
    "-1"
   ],
   "tabs":[
    "Main",
    "Signal Attributes",
    "-Other"
   ],
   "tabs_idx":[
    0,
    2,
    10
   ]
  },
  "viewer":{
   "jshandler":"webview/handlers/ElementHandler"
  },
  "obj_viewer":[
  ],
  "finder":{
   "blocktype":"Sum",
   "masktype":""
  }
 },
 {
  "sid":"simulacao_com_referencia:84",
  "className":"Simulink.UniformRandomNumber",
  "icon":"simulacao_com_referencia3",
  "name":"Uniform Random Number ",
  "label":"Uniform Random Number ",
  "parent":"simulacao_com_referencia",
  "inspector":{
   "params":[
    "Minimum",
    "Maximum",
    "Seed",
    "SampleTime",
    "VectorParams1D"
   ],
   "values":[
    "-pi/180",
    "pi/180",
    "0",
    "0.1",
    "on"
   ],
   "tabs":[
    "Parameter Attributes"
   ],
   "tabs_idx":0
  },
  "viewer":{
   "jshandler":"webview/handlers/ElementHandler"
  },
  "obj_viewer":[
  ],
  "finder":{
   "blocktype":"UniformRandomNumber",
   "masktype":""
  }
 },
 {
  "sid":"simulacao_com_referencia:85",
  "className":"Simulink.Gain",
  "icon":"simulacao_com_referencia3",
  "name":"Ruido [graus]",
  "label":"Ruido [graus]",
  "parent":"simulacao_com_referencia",
  "inspector":{
   "params":[
    "Gain",
    "Multiplication",
    "OutMin",
    "OutMax",
    "OutDataTypeStr",
    "LockScale",
    "RndMeth",
    "SaturateOnIntegerOverflow",
    "ParamMin",
    "ParamMax",
    "ParamDataTypeStr",
    "SampleTime"
   ],
   "values":[
    "5",
    "Element-wise(K.*u)",
    "[]",
    "[]",
    "Inherit: Inherit via internal rule",
    "off",
    "Floor",
    "off",
    "[]",
    "[]",
    "Inherit: Inherit via internal rule",
    "-1"
   ],
   "tabs":[
    "Main",
    "Signal Attributes",
    "Parameter Attributes",
    "-Other"
   ],
   "tabs_idx":[
    0,
    2,
    8,
    11
   ]
  },
  "viewer":{
   "jshandler":"webview/handlers/ElementHandler"
  },
  "obj_viewer":[
  ],
  "finder":{
   "blocktype":"Gain",
   "masktype":""
  }
 },
 {
  "sid":"simulacao_com_referencia:89",
  "className":"Simulink.Scope",
  "icon":"simulacao_com_referencia3",
  "name":"Scope 2",
  "label":"Scope 2",
  "parent":"simulacao_com_referencia",
  "inspector":[
  ],
  "viewer":{
   "jshandler":"webview/handlers/ElementHandler"
  },
  "obj_viewer":[
  ],
  "finder":{
   "blocktype":"Scope",
   "masktype":""
  }
 },
 {
  "sid":"simulacao_com_referencia:90",
  "className":"Simulink.Scope",
  "icon":"simulacao_com_referencia3",
  "name":"Scope 3",
  "label":"Scope 3",
  "parent":"simulacao_com_referencia",
  "inspector":[
  ],
  "viewer":{
   "jshandler":"webview/handlers/ElementHandler"
  },
  "obj_viewer":[
  ],
  "finder":{
   "blocktype":"Scope",
   "masktype":""
  }
 },
 {
  "sid":"simulacao_com_referencia:22#out:1",
  "className":"Simulink.Line",
  "icon":"simulacao_com_referencia4",
  "name":"",
  "label":"",
  "parent":"simulacao_com_referencia",
  "inspector":{
   "params":[
    "SignalNameFromLabel",
    "MustResolveToSignal",
    "ShowPropagatedSignal",
    "DataLogging",
    "TestPoint",
    "SignalObjectPackage",
    "StorageClass",
    "Description",
    "documentLink"
   ],
   "values":[
    "",
    "off",
    "off",
    "off",
    "off",
    "Simulink",
    "Auto",
    "",
    ""
   ],
   "tabs":[
    "Parameter Attributes",
    "Logging and Accessibility",
    "Code Generation",
    "Documentation"
   ],
   "tabs_idx":[
    0,
    3,
    5,
    7
   ]
  },
  "viewer":{
   "jshandler":"webview/handlers/ElementHandler"
  },
  "obj_viewer":[
  ],
  "finder":[
  ]
 },
 {
  "sid":"simulacao_com_referencia:50#out:1",
  "className":"Simulink.Line",
  "icon":"simulacao_com_referencia4",
  "name":"",
  "label":"",
  "parent":"simulacao_com_referencia",
  "inspector":{
   "params":[
    "SignalNameFromLabel",
    "MustResolveToSignal",
    "ShowPropagatedSignal",
    "DataLogging",
    "TestPoint",
    "SignalObjectPackage",
    "StorageClass",
    "Description",
    "documentLink"
   ],
   "values":[
    "",
    "off",
    "off",
    "off",
    "off",
    "Simulink",
    "Auto",
    "",
    ""
   ],
   "tabs":[
    "Parameter Attributes",
    "Logging and Accessibility",
    "Code Generation",
    "Documentation"
   ],
   "tabs_idx":[
    0,
    3,
    5,
    7
   ]
  },
  "viewer":{
   "jshandler":"webview/handlers/ElementHandler"
  },
  "obj_viewer":[
  ],
  "finder":[
  ]
 },
 {
  "sid":"simulacao_com_referencia:56#out:1",
  "className":"Simulink.Line",
  "icon":"simulacao_com_referencia4",
  "name":"",
  "label":"",
  "parent":"simulacao_com_referencia",
  "inspector":{
   "params":[
    "SignalNameFromLabel",
    "MustResolveToSignal",
    "ShowPropagatedSignal",
    "DataLogging",
    "TestPoint",
    "SignalObjectPackage",
    "StorageClass",
    "Description",
    "documentLink"
   ],
   "values":[
    "",
    "off",
    "off",
    "off",
    "off",
    "Simulink",
    "Auto",
    "",
    ""
   ],
   "tabs":[
    "Parameter Attributes",
    "Logging and Accessibility",
    "Code Generation",
    "Documentation"
   ],
   "tabs_idx":[
    0,
    3,
    5,
    7
   ]
  },
  "viewer":{
   "jshandler":"webview/handlers/ElementHandler"
  },
  "obj_viewer":[
  ],
  "finder":[
  ]
 },
 {
  "sid":"simulacao_com_referencia:22#out:2",
  "className":"Simulink.Line",
  "icon":"simulacao_com_referencia4",
  "name":"",
  "label":"",
  "parent":"simulacao_com_referencia",
  "inspector":{
   "params":[
    "SignalNameFromLabel",
    "MustResolveToSignal",
    "ShowPropagatedSignal",
    "DataLogging",
    "TestPoint",
    "SignalObjectPackage",
    "StorageClass",
    "Description",
    "documentLink"
   ],
   "values":[
    "",
    "off",
    "off",
    "off",
    "off",
    "Simulink",
    "Auto",
    "",
    ""
   ],
   "tabs":[
    "Parameter Attributes",
    "Logging and Accessibility",
    "Code Generation",
    "Documentation"
   ],
   "tabs_idx":[
    0,
    3,
    5,
    7
   ]
  },
  "viewer":{
   "jshandler":"webview/handlers/ElementHandler"
  },
  "obj_viewer":[
  ],
  "finder":[
  ]
 },
 {
  "sid":"simulacao_com_referencia:68#out:1",
  "className":"Simulink.Line",
  "icon":"simulacao_com_referencia4",
  "name":"",
  "label":"",
  "parent":"simulacao_com_referencia",
  "inspector":{
   "params":[
    "SignalNameFromLabel",
    "MustResolveToSignal",
    "ShowPropagatedSignal",
    "DataLogging",
    "TestPoint",
    "SignalObjectPackage",
    "StorageClass",
    "Description",
    "documentLink"
   ],
   "values":[
    "",
    "off",
    "off",
    "off",
    "off",
    "Simulink",
    "Auto",
    "",
    ""
   ],
   "tabs":[
    "Parameter Attributes",
    "Logging and Accessibility",
    "Code Generation",
    "Documentation"
   ],
   "tabs_idx":[
    0,
    3,
    5,
    7
   ]
  },
  "viewer":{
   "jshandler":"webview/handlers/ElementHandler"
  },
  "obj_viewer":[
  ],
  "finder":[
  ]
 },
 {
  "sid":"simulacao_com_referencia:75#out:1",
  "className":"Simulink.Line",
  "icon":"simulacao_com_referencia4",
  "name":"",
  "label":"",
  "parent":"simulacao_com_referencia",
  "inspector":{
   "params":[
    "SignalNameFromLabel",
    "MustResolveToSignal",
    "ShowPropagatedSignal",
    "DataLogging",
    "TestPoint",
    "SignalObjectPackage",
    "StorageClass",
    "Description",
    "documentLink"
   ],
   "values":[
    "",
    "off",
    "off",
    "off",
    "off",
    "Simulink",
    "Auto",
    "",
    ""
   ],
   "tabs":[
    "Parameter Attributes",
    "Logging and Accessibility",
    "Code Generation",
    "Documentation"
   ],
   "tabs_idx":[
    0,
    3,
    5,
    7
   ]
  },
  "viewer":{
   "jshandler":"webview/handlers/ElementHandler"
  },
  "obj_viewer":[
  ],
  "finder":[
  ]
 },
 {
  "sid":"simulacao_com_referencia:76#out:1",
  "className":"Simulink.Line",
  "icon":"simulacao_com_referencia4",
  "name":"",
  "label":"",
  "parent":"simulacao_com_referencia",
  "inspector":{
   "params":[
    "SignalNameFromLabel",
    "MustResolveToSignal",
    "ShowPropagatedSignal",
    "DataLogging",
    "TestPoint",
    "SignalObjectPackage",
    "StorageClass",
    "Description",
    "documentLink"
   ],
   "values":[
    "",
    "off",
    "off",
    "off",
    "off",
    "Simulink",
    "Auto",
    "",
    ""
   ],
   "tabs":[
    "Parameter Attributes",
    "Logging and Accessibility",
    "Code Generation",
    "Documentation"
   ],
   "tabs_idx":[
    0,
    3,
    5,
    7
   ]
  },
  "viewer":{
   "jshandler":"webview/handlers/ElementHandler"
  },
  "obj_viewer":[
  ],
  "finder":[
  ]
 },
 {
  "sid":"simulacao_com_referencia:78#out:1",
  "className":"Simulink.Line",
  "icon":"simulacao_com_referencia4",
  "name":"",
  "label":"",
  "parent":"simulacao_com_referencia",
  "inspector":{
   "params":[
    "SignalNameFromLabel",
    "MustResolveToSignal",
    "ShowPropagatedSignal",
    "DataLogging",
    "TestPoint",
    "SignalObjectPackage",
    "StorageClass",
    "Description",
    "documentLink"
   ],
   "values":[
    "",
    "off",
    "off",
    "off",
    "off",
    "Simulink",
    "Auto",
    "",
    ""
   ],
   "tabs":[
    "Parameter Attributes",
    "Logging and Accessibility",
    "Code Generation",
    "Documentation"
   ],
   "tabs_idx":[
    0,
    3,
    5,
    7
   ]
  },
  "viewer":{
   "jshandler":"webview/handlers/ElementHandler"
  },
  "obj_viewer":[
  ],
  "finder":[
  ]
 },
 {
  "sid":"simulacao_com_referencia:77#out:1",
  "className":"Simulink.Line",
  "icon":"simulacao_com_referencia4",
  "name":"",
  "label":"",
  "parent":"simulacao_com_referencia",
  "inspector":{
   "params":[
    "SignalNameFromLabel",
    "MustResolveToSignal",
    "ShowPropagatedSignal",
    "DataLogging",
    "TestPoint",
    "SignalObjectPackage",
    "StorageClass",
    "Description",
    "documentLink"
   ],
   "values":[
    "",
    "off",
    "off",
    "off",
    "off",
    "Simulink",
    "Auto",
    "",
    ""
   ],
   "tabs":[
    "Parameter Attributes",
    "Logging and Accessibility",
    "Code Generation",
    "Documentation"
   ],
   "tabs_idx":[
    0,
    3,
    5,
    7
   ]
  },
  "viewer":{
   "jshandler":"webview/handlers/ElementHandler"
  },
  "obj_viewer":[
  ],
  "finder":[
  ]
 },
 {
  "sid":"simulacao_com_referencia:79#out:1",
  "className":"Simulink.Line",
  "icon":"simulacao_com_referencia4",
  "name":"",
  "label":"",
  "parent":"simulacao_com_referencia",
  "inspector":{
   "params":[
    "SignalNameFromLabel",
    "MustResolveToSignal",
    "ShowPropagatedSignal",
    "DataLogging",
    "TestPoint",
    "SignalObjectPackage",
    "StorageClass",
    "Description",
    "documentLink"
   ],
   "values":[
    "",
    "off",
    "off",
    "off",
    "off",
    "Simulink",
    "Auto",
    "",
    ""
   ],
   "tabs":[
    "Parameter Attributes",
    "Logging and Accessibility",
    "Code Generation",
    "Documentation"
   ],
   "tabs_idx":[
    0,
    3,
    5,
    7
   ]
  },
  "viewer":{
   "jshandler":"webview/handlers/ElementHandler"
  },
  "obj_viewer":[
  ],
  "finder":[
  ]
 },
 {
  "sid":"simulacao_com_referencia:80#out:1",
  "className":"Simulink.Line",
  "icon":"simulacao_com_referencia4",
  "name":"",
  "label":"",
  "parent":"simulacao_com_referencia",
  "inspector":{
   "params":[
    "SignalNameFromLabel",
    "MustResolveToSignal",
    "ShowPropagatedSignal",
    "DataLogging",
    "TestPoint",
    "SignalObjectPackage",
    "StorageClass",
    "Description",
    "documentLink"
   ],
   "values":[
    "",
    "off",
    "off",
    "off",
    "off",
    "Simulink",
    "Auto",
    "",
    ""
   ],
   "tabs":[
    "Parameter Attributes",
    "Logging and Accessibility",
    "Code Generation",
    "Documentation"
   ],
   "tabs_idx":[
    0,
    3,
    5,
    7
   ]
  },
  "viewer":{
   "jshandler":"webview/handlers/ElementHandler"
  },
  "obj_viewer":[
  ],
  "finder":[
  ]
 },
 {
  "sid":"simulacao_com_referencia:81#out:1",
  "className":"Simulink.Line",
  "icon":"simulacao_com_referencia4",
  "name":"",
  "label":"",
  "parent":"simulacao_com_referencia",
  "inspector":{
   "params":[
    "SignalNameFromLabel",
    "MustResolveToSignal",
    "ShowPropagatedSignal",
    "DataLogging",
    "TestPoint",
    "SignalObjectPackage",
    "StorageClass",
    "Description",
    "documentLink"
   ],
   "values":[
    "",
    "off",
    "off",
    "off",
    "off",
    "Simulink",
    "Auto",
    "",
    ""
   ],
   "tabs":[
    "Parameter Attributes",
    "Logging and Accessibility",
    "Code Generation",
    "Documentation"
   ],
   "tabs_idx":[
    0,
    3,
    5,
    7
   ]
  },
  "viewer":{
   "jshandler":"webview/handlers/ElementHandler"
  },
  "obj_viewer":[
  ],
  "finder":[
  ]
 },
 {
  "sid":"simulacao_com_referencia:83#out:1",
  "className":"Simulink.Line",
  "icon":"simulacao_com_referencia4",
  "name":"",
  "label":"",
  "parent":"simulacao_com_referencia",
  "inspector":{
   "params":[
    "SignalNameFromLabel",
    "MustResolveToSignal",
    "ShowPropagatedSignal",
    "DataLogging",
    "TestPoint",
    "SignalObjectPackage",
    "StorageClass",
    "Description",
    "documentLink"
   ],
   "values":[
    "",
    "off",
    "off",
    "off",
    "off",
    "Simulink",
    "Auto",
    "",
    ""
   ],
   "tabs":[
    "Parameter Attributes",
    "Logging and Accessibility",
    "Code Generation",
    "Documentation"
   ],
   "tabs_idx":[
    0,
    3,
    5,
    7
   ]
  },
  "viewer":{
   "jshandler":"webview/handlers/ElementHandler"
  },
  "obj_viewer":[
  ],
  "finder":[
  ]
 },
 {
  "sid":"simulacao_com_referencia:84#out:1",
  "className":"Simulink.Line",
  "icon":"simulacao_com_referencia4",
  "name":"",
  "label":"",
  "parent":"simulacao_com_referencia",
  "inspector":{
   "params":[
    "SignalNameFromLabel",
    "MustResolveToSignal",
    "ShowPropagatedSignal",
    "DataLogging",
    "TestPoint",
    "SignalObjectPackage",
    "StorageClass",
    "Description",
    "documentLink"
   ],
   "values":[
    "",
    "off",
    "off",
    "off",
    "off",
    "Simulink",
    "Auto",
    "",
    ""
   ],
   "tabs":[
    "Parameter Attributes",
    "Logging and Accessibility",
    "Code Generation",
    "Documentation"
   ],
   "tabs_idx":[
    0,
    3,
    5,
    7
   ]
  },
  "viewer":{
   "jshandler":"webview/handlers/ElementHandler"
  },
  "obj_viewer":[
  ],
  "finder":[
  ]
 },
 {
  "sid":"simulacao_com_referencia:85#out:1",
  "className":"Simulink.Line",
  "icon":"simulacao_com_referencia4",
  "name":"",
  "label":"",
  "parent":"simulacao_com_referencia",
  "inspector":{
   "params":[
    "SignalNameFromLabel",
    "MustResolveToSignal",
    "ShowPropagatedSignal",
    "DataLogging",
    "TestPoint",
    "SignalObjectPackage",
    "StorageClass",
    "Description",
    "documentLink"
   ],
   "values":[
    "",
    "off",
    "off",
    "off",
    "off",
    "Simulink",
    "Auto",
    "",
    ""
   ],
   "tabs":[
    "Parameter Attributes",
    "Logging and Accessibility",
    "Code Generation",
    "Documentation"
   ],
   "tabs_idx":[
    0,
    3,
    5,
    7
   ]
  },
  "viewer":{
   "jshandler":"webview/handlers/ElementHandler"
  },
  "obj_viewer":[
  ],
  "finder":[
  ]
 },
 {
  "sid":"simulacao_com_referencia:68#out:2",
  "className":"Simulink.Line",
  "icon":"simulacao_com_referencia4",
  "name":"",
  "label":"",
  "parent":"simulacao_com_referencia",
  "inspector":{
   "params":[
    "SignalNameFromLabel",
    "MustResolveToSignal",
    "ShowPropagatedSignal",
    "DataLogging",
    "TestPoint",
    "SignalObjectPackage",
    "StorageClass",
    "Description",
    "documentLink"
   ],
   "values":[
    "",
    "off",
    "off",
    "off",
    "off",
    "Simulink",
    "Auto",
    "",
    ""
   ],
   "tabs":[
    "Parameter Attributes",
    "Logging and Accessibility",
    "Code Generation",
    "Documentation"
   ],
   "tabs_idx":[
    0,
    3,
    5,
    7
   ]
  },
  "viewer":{
   "jshandler":"webview/handlers/ElementHandler"
  },
  "obj_viewer":[
  ],
  "finder":[
  ]
 },
 {
  "sid":"simulacao_com_referencia:53#out:1",
  "className":"Simulink.Line",
  "icon":"simulacao_com_referencia4",
  "name":"",
  "label":"",
  "parent":"simulacao_com_referencia",
  "inspector":{
   "params":[
    "SignalNameFromLabel",
    "MustResolveToSignal",
    "ShowPropagatedSignal",
    "DataLogging",
    "TestPoint",
    "SignalObjectPackage",
    "StorageClass",
    "Description",
    "documentLink"
   ],
   "values":[
    "",
    "off",
    "off",
    "off",
    "off",
    "Simulink",
    "Auto",
    "",
    ""
   ],
   "tabs":[
    "Parameter Attributes",
    "Logging and Accessibility",
    "Code Generation",
    "Documentation"
   ],
   "tabs_idx":[
    0,
    3,
    5,
    7
   ]
  },
  "viewer":{
   "jshandler":"webview/handlers/ElementHandler"
  },
  "obj_viewer":[
  ],
  "finder":[
  ]
 }
]